,Pelvis_X_m,Pelvis_X_sd,Pelvis_Y_m,Pelvis_Y_sd,Pelvis_Z_m,Pelvis_Z_sd,Hip_X_m,Hip_X_sd,Hip_Y_m,Hip_Y_sd,Hip_Z_m,Hip_Z_sd,Knee_X_m,Knee_X_sd,Knee_Y_m,Knee_Y_sd,Knee_Z_m,Knee_Z_sd,Ankle_X_m,Ankle_X_sd,Ankle_Y_m,Ankle_Y_sd,Ankle_Z_m,Ankle_Z_sd,Foot_X_m,Foot_X_sd,Foot_Y_m,Foot_Y_sd,Foot_Z_m,Foot_Z_sd,HipMoment_X_m,HipMoment_X_sd,HipMoment_Y_m,HipMoment_Y_sd,HipMoment_Z_m,HipMoment_Z_sd,KneeMoment_X_m,KneeMoment_X_sd,KneeMoment_Y_m,KneeMoment_Y_sd,KneeMoment_Z_m,KneeMoment_Z_sd,AnkleMoment_X_m,AnkleMoment_X_sd,AnkleMoment_Y_m,AnkleMoment_Y_sd,AnkleMoment_Z_m,AnkleMoment_Z_sd,SupportMoment_X_m,SupportMoment_X_sd,SupportMoment_Y_m,SupportMoment_Y_sd,SupportMoment_Z_m,SupportMoment_Z_sd
0,0.5817332142857142,1.2649179486001443,5.050380357142858,3.079076388373671,10.481388214285715,6.926715495303065,0.9073589285714287,2.9367732166386418,-4.19834642857143,5.766778764813304,31.438908571428577,8.768512146370549,0.9253714285714285,3.171651798447901,-19.13325892857143,7.892414467070504,0.6606539285714289,3.6780106037331874,3.9370557142857145,5.059911503386907,8.135886071428573,4.29644854580912,2.2560892857142862,3.9196181692573733,-5.991075000000002,3.1237988272725303,10.84713035714286,5.8024494575681205,23.71483571428572,3.8903129865434583,-0.07931928571428573,0.0629620400857393,0.003447142857142858,0.017438140748005586,0.4832060714285716,0.14357991746998192,-0.02300285714285715,0.03778862871869739,0.002578928571428572,0.006957158786395556,-0.26282571428571433,0.06821974736262061,0.001693571428571429,0.0023674624751891154,0.004009285714285714,0.004545331441389936,0.005360000000000001,0.007907827913383821,-0.10062857142857144,0.0976903840915576,0.010035357142857146,0.024957623119714636,0.2257403571428572,0.09779304374868322
2,0.9041539285714284,1.253606396376192,5.305434642857143,3.118730589304457,10.349519642857143,6.843799568970179,1.3379782142857142,2.9134584884671977,-3.788179642857142,5.812458900452698,31.169932142857146,8.770687304348309,1.1724064285714288,3.238498841355257,-19.65229107142857,7.883150021306932,3.2910514285714285,3.9431414121871784,3.3430692857142854,4.955940849506494,8.202717500000002,4.092046404148752,1.2124450000000002,3.822526725925083,-6.33799642857143,3.0552031590836526,10.272334642857144,5.48138666439274,19.75909035714286,3.622606388695992,-0.03728821428571428,0.062152448884458006,0.0016025,0.020611155469980144,0.48778250000000006,0.1237602133741821,0.004698571428571429,0.04081067679063765,0.003451428571428572,0.006007523945523977,-0.2026575,0.07687844243074207,-0.008023214285714285,0.00959256234460662,-0.0065400000000000015,0.006397770344785391,-0.022207142857142852,0.016991601173508057,-0.04061285714285715,0.0938037669145682,-0.0014860714285714275,0.024254758785931807,0.26291785714285715,0.07740534544039744
4,1.475556785714286,1.2208509340692335,5.412683214285714,3.0324551682193137,10.216652142857143,6.736545230765462,2.05798,2.904234359433057,-3.0834832142857147,5.702418018868638,30.46671642857143,8.977328184828762,1.432545357142857,3.288639008993669,-20.38839464285714,7.907150062593415,5.305675714285714,4.728843318918915,2.3166421428571433,4.7539436078261605,8.11498107142857,3.929175089226832,-2.258876428571429,3.592069480840573,-6.9194675000000005,2.9893184218671696,9.478312499999998,5.296789727995174,13.44559607142857,2.8000221881649567,0.08117285714285714,0.07649068265819363,0.0016232142857142845,0.023435200808837747,0.40355285714285705,0.10939335907832594,0.06802499999999999,0.06862061405348192,-0.0010339285714285717,0.006676843501861613,-0.1001685714285714,0.07858240161738532,-0.026411071428571426,0.01813119848159853,-0.029405357142857136,0.017222337738249403,-0.08091035714285714,0.034368979107076154,0.1227867857142857,0.14107008649013852,-0.02881607142857143,0.033492187273737754,0.2224739285714286,0.10166304424947853
6,2.2972785714285715,1.168656768209733,5.2447035714285715,2.8969177687842302,10.048065357142859,6.714585642267443,2.956517857142857,2.935250114186127,-2.2039410714285728,5.642797474689844,29.8421925,9.479029189538661,1.9189489285714287,3.3076938538807807,-20.026970000000002,8.126714949017035,7.636066071428571,5.9907240879717145,0.7681332142857142,4.4000673626716775,6.965992857142858,4.170028704536288,-4.7653857142857134,3.149558167093172,-6.208432500000001,3.229406434105399,8.58147642857143,5.12600100077252,7.536917857142856,1.904353994197057,0.18834035714285718,0.09490776979347018,0.00025071428571428494,0.02096052680792957,0.47956535714285714,0.182510619169072,0.16765357142857146,0.09288221323947735,-0.0024392857142857146,0.012945055316330525,-0.0348875,0.10762268858859857,-0.031133928571428573,0.022796067152249973,-0.037292500000000006,0.02046098320349846,-0.09507071428571431,0.04325773998582588,0.32486000000000004,0.18449387905210385,-0.039481071428571435,0.04514404050364241,0.3496071428571429,0.2106640303961435
8,3.218060714285715,1.1797596897589864,4.734255,2.8035095008193958,9.757508928571431,6.755559648813249,4.055015714285715,2.894335160804409,-1.672322500000001,5.873622102031759,29.526566071428572,10.148606783812209,2.7011364285714285,3.481268816143835,-18.047550357142857,7.712306131823564,10.994682857142857,7.097285311253146,-1.3277771428571434,4.167252815748097,5.030736428571429,3.800128134796869,-4.084584642857143,2.783485625119688,-4.2351575,2.8468457654729646,7.815837857142857,4.998879827371218,3.9342542857142866,1.390171644465666,0.3767175000000001,0.047291860811755584,-0.015391785714285719,0.03753795323541756,0.5714485714285715,0.25345985500991747,0.31687892857142863,0.110265243707696,0.005906785714285716,0.011272180972359627,0.13112250000000003,0.16213824058678117,-0.03176392857142857,0.021943659779830874,-0.02455214285714286,0.02094039725894992,-0.053216785714285716,0.041736333995837344,0.6618325,0.1564909960637942,-0.03403714285714286,0.049451297747390814,0.6493542857142859,0.36901206597875924
10,4.151701428571429,1.3291766253723631,4.077401428571428,2.7118268308555034,9.365704642857143,6.8302390405755045,5.335434285714285,2.813795188663454,-1.5589610714285718,6.043937353594725,28.788975357142863,10.4426198365849,3.371086785714286,3.7838092541392765,-16.562553928571425,6.848428479171245,13.778748214285715,7.784058709695785,-3.2125546428571425,4.064125448529659,3.9903496428571423,3.2854206379750766,-1.9231332142857145,2.866464329741974,-2.2236017857142856,2.4736173879762586,7.367149285714286,4.865011118889918,2.280847857142857,1.0766894712045565,0.5602367857142856,0.08803954364172308,-0.04382321428571429,0.054137207900465674,0.6687799999999999,0.28592295718629146,0.44461714285714293,0.14364219659002989,0.010565000000000001,0.015583053295166516,0.25591928571428574,0.21213719068689366,-0.03736714285714286,0.02231182281577723,-0.008157857142857144,0.023908436450685844,0.007589999999999999,0.03967024640709962,0.9674867857142856,0.21768524257079164,-0.04141607142857144,0.0685632002994478,0.9322892857142858,0.4525163065436561
12,4.988344285714287,1.5480698403593494,3.5593239285714295,2.651697353396194,9.016840000000004,6.8072430867094695,6.614127857142857,2.798107345146767,-1.5114132142857144,6.0532679308458,27.238551071428578,10.562565638048797,3.7208685714285727,4.0741213969439185,-16.39012892857143,6.855498496476044,14.983107500000001,8.235804077128192,-4.489283214285715,3.9593947919685566,4.402619642857144,3.275050255318737,0.17531035714285714,3.1458124127746667,-1.0311903571428573,2.1869429512339336,7.187632857142859,4.819756411388649,1.5900364285714288,0.9483261567248747,0.686784285714286,0.1184105822950405,-0.06414357142857144,0.058182126003298786,0.6328328571428573,0.2790875928788328,0.5234475000000002,0.1644148095139243,0.011492142857142859,0.017212104608528997,0.3300339285714286,0.2567493497720669,-0.04369464285714286,0.023756715039710816,0.006266428571428571,0.02715713700134626,0.060816785714285726,0.043368033007626136,1.166537142857143,0.2605758277111725,-0.04638500000000001,0.06960935964365714,1.0236835714285715,0.49229972998175614
14,5.634756428571429,1.722372704465054,3.2773521428571426,2.6024579450490455,8.853917857142857,6.72691297818401,7.694776071428572,2.8351069733509164,-1.5414960714285715,5.976280819653506,25.10490821428571,10.539760036349827,3.7916392857142855,4.211242504440601,-16.950660357142855,7.518919294454047,14.955252500000002,8.59117390379169,-5.051880714285714,3.927076102999463,5.328721071428572,3.515787279763501,1.9167157142857143,3.402910944105206,-0.45717357142857146,2.011369861837782,7.157765357142856,4.79505692524422,1.2277585714285715,0.8778997455300054,0.7546571428571429,0.10540667671004027,-0.06757357142857143,0.06049208646364642,0.5106710714285715,0.25968600084583343,0.5618742857142857,0.16872581481227442,0.013077500000000004,0.016657152165638362,0.35466821428571427,0.28162854333601545,-0.04556142857142858,0.025690699187162554,0.021342500000000004,0.029901759901255102,0.11050035714285712,0.054001059835193765,1.2709700000000002,0.24522916378986598,-0.03315357142857144,0.06567267610097625,0.975839642857143,0.5118345135898767
16,5.9764317857142855,1.7566955895467786,3.250690357142858,2.5842558854089925,8.837308571428572,6.684293029682011,8.346245357142859,3.006836838997386,-1.956592142857143,5.9567756088484645,22.88245892857143,10.464514990637351,3.7060442857142855,4.244441586763282,-17.075257142857147,8.387309279997812,14.323030000000003,8.829726499980055,-5.17910642857143,3.9062822117472757,5.985237142857144,4.337726183369717,3.389640714285715,3.5575102148601165,-0.21461464285714285,1.916967781136963,7.183727142857145,4.78184584716055,1.0006675,0.8281496986302334,0.7779378571428573,0.09341218670935919,-0.05921928571428572,0.06498736341241045,0.40841500000000014,0.2415947197668666,0.5694750000000001,0.16685567295166756,0.01845642857142857,0.01987318200960312,0.3394575,0.2779012241700139,-0.043707857142857146,0.02641700499199811,0.03889571428571429,0.035489384212159025,0.15933642857142863,0.07036635686584485,1.3037050000000003,0.22339714784523249,-0.001867142857142857,0.06609414412308126,0.9072089285714287,0.5094768728848572
18,5.935998928571428,1.723676776071987,3.379548571428571,2.5849165301308967,8.938865,6.683486807789202,8.562074999999998,3.0809249254098257,-2.650119285714286,5.943523131512687,20.802945357142857,10.473694172176064,3.464869642857144,4.146316818394584,-16.50943428571429,8.814234070023383,13.48213,8.86318011657389,-5.093712857142857,3.890926986198253,6.255390714285713,4.851294869286826,4.601625714285714,3.6119343518417986,-0.09143321428571428,1.8228359867774162,7.216076428571427,4.77137671254221,0.8534975000000002,0.7877760145125937,0.7898760714285716,0.1133690151872767,-0.04819821428571427,0.06688791619645805,0.34500285714285706,0.2350038513572644,0.5533539285714285,0.16584787700896,0.026580000000000003,0.022219307092983517,0.3014921428571428,0.26212299268674416,-0.038961785714285706,0.026400159426029614,0.057760714285714276,0.04096561188537109,0.20596964285714287,0.0874510713191247,1.3042682142857143,0.24207772677073983,0.0361425,0.06865599160782579,0.852464642857143,0.5005376955890853
20,5.5622371428571435,1.761112851537034,3.3831792857142853,2.549242238094306,9.115924642857143,6.726879318602653,8.463297142857144,2.9814684058419125,-3.3228110714285712,5.87357088188044,18.818577857142852,10.39222057132655,3.1879128571428574,4.0457359785751414,-15.653466785714285,8.548333872447714,12.564810357142857,8.661130618448873,-4.910635,3.8884251945609227,6.4011242857142845,4.807094246116422,5.618738214285713,3.56975771668514,-0.05151249999999994,1.788924096222417,7.243297142857143,4.77895085391083,0.7221882142857143,0.7214370121303494,0.7710585714285714,0.128631792613176,-0.03203678571428571,0.0629833824117717,0.2808846428571429,0.21505779930113497,0.5178257142857142,0.16216800855733088,0.03617892857142857,0.024797400234281036,0.24327535714285714,0.2340010841482469,-0.03462964285714285,0.025805400334059904,0.07729392857142858,0.04483952060826612,0.2532582142857143,0.09862049996767216,1.254254642857143,0.2627682625612881,0.08143607142857144,0.06700505242656567,0.7774182142857143,0.4578850535073317
22,4.987950357142857,1.8201356069571637,3.250949642857143,2.5992290434010386,9.306445,6.768252473709942,8.194113214285714,2.778488140371145,-3.947208214285714,5.818567686257836,16.822048571428567,10.177828775258241,2.89861,3.996077124260068,-14.404027142857144,8.032959097317729,11.523794285714285,8.382677689102245,-4.707728571428571,3.870712878500562,6.406194285714286,4.51872688802595,6.498293928571429,3.4314304449446436,-0.04558392857142868,1.7721488089791082,7.280024642857141,4.78420627673593,0.5775757142857143,0.6656948657717252,0.7242571428571428,0.138468734887009,-0.013704285714285712,0.054688039856048073,0.20753964285714283,0.19374429364762327,0.46935071428571423,0.15682531732248048,0.046115714285714295,0.025895866826219947,0.17947035714285714,0.20006918025123485,-0.03130142857142857,0.025248173843222452,0.09781821428571429,0.04947853472455516,0.3051464285714286,0.10235389247847147,1.1623064285714284,0.27399345342002795,0.13022964285714286,0.06438245041171145,0.6921564285714287,0.4085620557583566
24,4.332621428571428,1.8941813986160845,2.9062260714285713,2.7739201100138318,9.413588214285713,6.807044209138345,7.943573928571429,2.6134734632610903,-4.511440357142858,5.770580486951586,14.694641428571432,9.839366376856058,2.528587857142857,3.9119282079772546,-13.035271071428571,7.745807017291351,10.388229285714289,7.912757364279111,-4.502530357142858,3.8459653598901364,6.347685714285714,4.276767857042753,7.242971785714286,3.231372119513276,-0.03167142857142853,1.7636210545815072,7.345536071428571,4.783779583145922,0.40725785714285717,0.6280479446045325,0.6654410714285713,0.14538908007320553,0.0015325000000000026,0.04676767788967406,0.1409567857142857,0.17444377855175025,0.4152982142857143,0.1477273575466636,0.054546428571428586,0.025465346017719798,0.12352678571428569,0.16548185084784214,-0.028637142857142858,0.02557776150323721,0.11731499999999999,0.05181304097796823,0.3570953571428571,0.1046125254021548,1.0521021428571429,0.27417506068704944,0.1733939285714286,0.06424138149853768,0.6215789285714287,0.35631988872996256
26,3.6432682142857145,1.9515282109114136,2.37096,2.9629719016405707,9.459257500000001,6.799217872643303,7.705622857142858,2.5623439357922284,-4.979001428571429,5.8716119442784995,12.48348607142857,9.471668601228448,2.0869674999999996,3.798418586284778,-11.828091428571428,7.894906602849525,9.185625714285715,7.3067936551419415,-4.299369285714286,3.812434476263094,6.439361428571428,4.2861321812972175,7.9131882142857135,2.9911133128701852,-0.04794357142857159,1.7195366546179598,7.451823214285715,4.8063955257042705,0.22849428571428576,0.615228154195527,0.6197085714285715,0.14391774741455315,0.016123571428571428,0.04131912610907426,0.08817142857142857,0.15899224687711336,0.3629371428571429,0.13303135776538214,0.06257107142857142,0.025490145469797314,0.06658428571428572,0.13348622142749045,-0.026284642857142857,0.026675026455490143,0.1350964285714286,0.05058789241844988,0.41041000000000005,0.09787042682114883,0.9563610714285715,0.2625741557100406,0.21379107142857143,0.06449990939703151,0.5651657142857143,0.3076456934955755
28,3.0096835714285715,2.0462184425106913,1.7351910714285717,3.1103775166109897,9.481441428571427,6.762069685127256,7.4636989285714295,2.6117024190607183,-5.407729285714284,5.926162419092872,10.2103425,9.098829923701887,1.7004189285714284,3.682110427647845,-10.995450714285711,8.333650923394364,7.910329999999999,6.767310113562618,-4.055502857142858,3.7462620190201257,6.783532857142857,4.53687104397518,8.556451428571428,2.7341979663453473,-0.10879285714285714,1.6438986143554202,7.617134642857141,4.853080630334582,0.023428928571428562,0.6316597775707163,0.5819046428571429,0.1328510690797476,0.030764285714285713,0.03799569251179072,0.044023928571428575,0.1521168547807215,0.32852464285714283,0.12340071408383785,0.0704542857142857,0.02863309911335419,0.010185714285714294,0.11082633878587399,-0.023422499999999995,0.02948164094626714,0.1572389285714286,0.049410094156285174,0.4700435714285715,0.09411202006587213,0.8870067857142857,0.24225591437256805,0.2584575,0.069726826692292,0.5242532142857143,0.2830145105182305
30,2.457319285714285,2.1472584355493662,1.064692857142857,3.1636752142883995,9.503389285714286,6.704391387323586,7.216284999999999,2.675481651667171,-5.720591785714285,5.982738266679464,7.990112857142856,8.857002457499966,1.4319157142857144,3.5824081189735923,-10.22653464285714,8.861399279666983,6.630115000000001,6.301144392792105,-3.7697749999999997,3.663931947524198,7.009071071428572,4.843493234684978,9.168507142857141,2.498396806516988,-0.22261535714285707,1.592155409629765,7.864246428571428,4.936864875413743,-0.21106571428571425,0.687251195485031,0.5541628571428572,0.12103860532768183,0.044817857142857145,0.034989066958028565,0.005730714285714282,0.14553482410190913,0.3061414285714286,0.1135466852550861,0.08040749999999999,0.03143054490276323,-0.04033249999999999,0.093569595483995,-0.01940142857142857,0.034875881705345814,0.1838653571428572,0.04929587946831809,0.5389153571428571,0.09260852474600746,0.8409028571428572,0.21484126577468843,0.30909071428571433,0.07665027886087922,0.5043135714285715,0.2631655130070499
32,1.9732103571428572,2.2169184777415216,0.40275714285714276,3.1172862343284287,9.582857857142857,6.639413902547224,6.928954642857143,2.7279946164595987,-5.902588571428571,6.07229607081888,5.82975857142857,8.60865304312635,1.2866971428571428,3.5106648065144164,-9.426942142857143,8.936662879075877,5.418726071428572,5.810135949848657,-3.4473642857142854,3.6200575273509426,7.049409285714285,4.950993452374699,9.77141892857143,2.311398034086213,-0.3468989285714287,1.585646946511567,8.193029285714285,5.01449566840201,-0.45793357142857144,0.7461722999323037,0.5432875,0.11030112600983936,0.059976071428571434,0.03307884719055433,-0.0341657142857143,0.13954734335669772,0.29564642857142864,0.10740969447416265,0.09171428571428572,0.035316514815045365,-0.08848571428571428,0.08241246432654242,-0.014922857142857142,0.040812405528894584,0.21318749999999995,0.051971375063216654,0.6154803571428571,0.09064002165082835,0.8240110714285714,0.1924558735156888,0.3648778571428571,0.08621799978753066,0.49282892857142857,0.24192963002762224
34,1.5863767857142856,2.3061693727558152,-0.21256392857142842,2.9982296496228584,9.74162392857143,6.603802161694771,6.669260714285714,2.7604955095597337,-6.130510714285713,6.052449049126204,3.8787721428571422,8.417194341032097,1.2113885714285717,3.454070058975258,-8.605546428571428,8.57774921953405,4.412280714285713,5.257926414674346,-3.128606428571428,3.5952147171196818,6.988754999999999,4.81369395554615,10.400883214285715,2.1658270559451123,-0.4629485714285714,1.604070229077638,8.500516428571428,5.0543038230937505,-0.7504885714285716,0.8534236213277143,0.556445,0.09669360994319197,0.0772057142857143,0.03332181053218533,-0.0764342857142857,0.13549318701091073,0.3001471428571429,0.1094476913470942,0.10463642857142859,0.0399595268523507,-0.1370867857142857,0.07670741661582423,-0.011013928571428574,0.0446170242249168,0.24774999999999997,0.05626779776554807,0.7033528571428572,0.09051125475521059,0.8455782142857141,0.18126833284056187,0.42959214285714287,0.09654292775186124,0.4898317857142858,0.21762670372776427
36,1.3050850000000003,2.3813977486261173,-0.8155667857142855,2.8908386298732967,9.93944392857143,6.6057171599316975,6.4260835714285705,2.789673477253227,-6.396753214285714,5.912545102880045,2.0650053571428573,8.229826264946878,1.2069303571428571,3.4055915730459785,-7.777206071428572,8.163792637921276,3.6890896428571436,4.659993741024381,-2.7610449999999997,3.5956011648615656,6.841343928571429,4.483182021484113,11.082979642857143,2.0877894455062207,-0.5953964285714288,1.6667327257073812,8.826403928571429,5.062542276036274,-1.1470185714285712,0.976049455265831,0.5847571428571428,0.08860149765868881,0.09134821428571428,0.03521361628072207,-0.11734642857142856,0.13334649414832153,0.3166839285714285,0.1148357125867306,0.12024285714285714,0.04481687176783923,-0.18155464285714285,0.07501648845585386,-0.004074285714285714,0.04901621779720318,0.28805892857142856,0.06181196816458056,0.8080792857142857,0.09636973173981754,0.8973667857142857,0.17944362632664956,0.4996499999999999,0.1106577868579871,0.5091782142857143,0.20162066836023396
38,1.1164910714285716,2.440016338289545,-1.3955782142857145,2.8260791384004684,10.168376428571426,6.664853161787305,6.254240357142858,2.8258983016933437,-6.724078928571427,5.761691790061512,0.3870392857142856,8.041198529695219,1.2236196428571429,3.374992930954115,-7.01068642857143,7.884365992041181,3.1055828571428563,4.2263788353364244,-2.300646428571429,3.608413883804409,6.809564999999998,4.373524151298179,11.783318928571429,2.068271799073563,-0.8122149999999999,1.7621984187001278,9.172013928571427,5.069344217412747,-1.6665982142857139,1.1281920463453687,0.6203296428571428,0.08532573384174243,0.10399535714285713,0.03689172230816335,-0.1600917857142857,0.1352349744619334,0.3393875,0.12201130645511755,0.1356932142857143,0.04863650831213836,-0.2183764285714286,0.07567036968194485,0.006636071428571424,0.05491629799342084,0.3330282142857143,0.06889101056705839,0.9185603571428574,0.11111645748881058,0.9663532142857143,0.19148690717048975,0.5727167857142856,0.12362364591476113,0.5400921428571429,0.20077632449027494
40,1.0484253571428572,2.506489061293985,-2.007259642857143,2.6869446182581433,10.334392499999998,6.7162617733699,6.1564121428571426,2.8964258659899826,-7.0491053571428575,5.6753488774742245,-1.2528571428571433,7.929093766030194,1.2504835714285714,3.3331248445279313,-6.513991428571429,7.887230274949411,2.792125714285715,4.051032656789669,-1.7026625000000002,3.619534615469205,6.944144642857142,4.331263602525189,12.414765714285716,2.0990516084182635,-1.1283142857142854,1.8643503044821077,9.559309642857142,5.044252361213268,-2.3709467857142856,1.3460648790164484,0.6623982142857143,0.0881476753392838,0.11449750000000002,0.03839806298950709,-0.21682535714285714,0.14384891668884736,0.36760035714285727,0.1318594914973494,0.14994464285714285,0.05157716069765636,-0.2457578571428571,0.08505110594212177,0.022054285714285717,0.06189957837737429,0.3834910714285715,0.07558223140747412,1.0310489285714286,0.13080722438262654,1.0520528571428571,0.20948511540399278,0.6479332142857144,0.13094359294407798,0.5684657142857141,0.2089747439272281
42,1.0423760714285715,2.5388396390827075,-2.6353975000000003,2.5693337972732495,10.459673928571428,6.769986123237731,6.12299,2.9391617362791886,-7.3801878571428565,5.679041962351137,-2.9229517857142855,7.845665142304724,1.2129089285714285,3.293754933737469,-6.188357142857143,7.881021208984062,2.7258178571428577,4.09644430553532,-0.9597217857142858,3.668466065266772,7.125729642857142,4.312123013381292,12.962357142857142,2.261015127634312,-1.661549642857143,2.012816591285861,10.01043107142857,5.058766998457756,-3.315095357142858,1.631651902224416,0.7127689285714286,0.0943486260178496,0.12245964285714286,0.04045053315538554,-0.2848175,0.15742571852427611,0.39715571428571433,0.13957859606766282,0.16350785714285715,0.05308941397137638,-0.26010249999999996,0.1001890214074223,0.04284071428571428,0.07051050799641205,0.43850428571428585,0.07762131360891564,1.1469299999999998,0.14196747124714074,1.1527653571428569,0.22552737908549,0.7244717857142858,0.13113917270487785,0.6020099999999999,0.22571248579178707
44,1.1135889285714287,2.529410623600181,-3.310549642857143,2.5042844712216272,10.530457857142858,6.834992496494027,6.115308571428572,2.9242377920411413,-7.663631071428573,5.677810811954788,-4.545034642857145,7.781191925095475,1.0724210714285716,3.232735687251219,-5.794059642857143,7.846823688439522,2.9760678571428585,4.3394592717516325,0.059298214285714294,3.742962268205495,7.4803403571428575,4.271571554758841,13.291434642857142,2.375706053688577,-2.4015999999999997,2.174161703915575,10.3303425,5.0400375117872,-4.593188928571428,1.9486487408874447,0.7596857142857143,0.09718472408565246,0.12714285714285714,0.041503166501730075,-0.37302714285714295,0.17055065100020408,0.4200164285714285,0.14443330869069174,0.17356571428571427,0.05345365627046777,-0.25440035714285714,0.11631610334747103,0.06883285714285714,0.08059767535095552,0.49372999999999995,0.08237428629316129,1.2543950000000001,0.1562870945260184,1.248535,0.23330533915219995,0.7944385714285714,0.13173334694678562,0.6269674999999999,0.23992639973822424
46,1.2321742857142859,2.4816107968614762,-3.9347782142857146,2.4713208608202644,10.565964999999997,6.883600597775567,6.012091071428571,2.9578552741101873,-7.979420714285713,5.633793711996063,-5.985281428571429,7.74403613592382,0.8465182142857144,3.2001683087976955,-5.438952500000001,7.845225775792109,3.7061075000000008,4.666971737843482,1.296260714285714,3.8190346796816326,8.0159,4.231584540372008,13.364617500000003,2.4319633657561144,-3.300020357142857,2.371585816198539,10.289399285714286,4.984137721434509,-6.265802142857143,2.3362165510752915,0.7926610714285713,0.10832210437782613,0.12430107142857143,0.041815978781514176,-0.4572603571428571,0.18212577656731418,0.434815,0.1495628822216981,0.17805714285714286,0.05328752522922174,-0.22193714285714283,0.13132042669795077,0.09984392857142856,0.0865503839519229,0.543592142857143,0.08455853299784274,1.328557857142857,0.1563879602477107,1.32732,0.23778194670909986,0.8459503571428572,0.1269429731818475,0.6493603571428571,0.2533114715391393
48,1.2763914285714282,2.438743569308581,-4.465770714285715,2.4385348331046734,10.63442892857143,6.920919483808097,5.739124642857143,3.010014528971749,-8.332178571428571,5.50951293447993,-7.163678571428572,7.747273121050754,0.5043924999999999,3.217893486449427,-5.0179157142857145,7.885647731592664,4.922365357142857,4.969764957828436,2.723290714285714,3.9223955109884736,8.723338928571428,4.2417612059978556,13.094323571428571,2.4994569766731547,-4.499518214285714,2.635942075525449,9.9032775,5.02469611516984,-8.453458571428571,2.8489279541882944,0.7909503571428572,0.11886612486426597,0.11282535714285714,0.042271916685279985,-0.5152424999999999,0.18129812475959634,0.4389303571428571,0.1526437522275098,0.17556999999999998,0.052605596770100994,-0.16998964285714285,0.1415105006088062,0.13594285714285712,0.09068141480595011,0.580985,0.08441129221760647,1.3585210714285714,0.1516181324169701,1.3658235714285714,0.2376094563437155,0.8693803571428572,0.11746797376084267,0.6732889285714286,0.2609279372088612
50,1.1570560714285716,2.3947911217828413,-4.897382142857144,2.47627277816706,10.617438214285714,6.968050775165123,5.235716428571428,3.0862987513141342,-8.693975714285715,5.410535425383182,-8.097896785714285,7.760905823752298,0.060354642857142884,3.310792682600267,-4.744645357142857,8.055261341831539,6.673341428571428,5.25984271123285,4.298217857142857,4.136603997798061,9.711622142857143,4.344084655942497,12.383580714285713,2.5882932176464934,-5.925162142857142,2.93478480547206,9.203514285714286,5.14990770529466,-11.32965357142857,3.595409040597909,0.7427864285714286,0.13324843466288788,0.09286428571428572,0.04326319811328112,-0.5401767857142857,0.19383328622424223,0.42181428571428564,0.1486069558608202,0.16488499999999998,0.05092235635674251,-0.10449249999999999,0.14151574704101635,0.17119785714285718,0.09035055337437035,0.5993589285714285,0.08369535276085363,1.3313928571428573,0.15451799750432707,1.3357985714285714,0.2304213045574477,0.8571082142857144,0.10884729715748115,0.6867235714285714,0.26136925363898905
52,0.7978582142857144,2.4347056496245854,-5.209728571428572,2.5731522574740806,10.490527857142856,6.975134793825939,4.402703571428571,3.1862418958272336,-9.041823928571429,5.324226648257573,-8.812411071428574,7.7253755070937835,-0.4772685714285713,3.415806656607591,-4.763196785714285,8.233881382603647,9.03206607142857,5.588929513688088,5.908584285714285,4.4178539904921195,10.940663928571427,4.585859347694311,11.061311785714285,2.8164028140872333,-7.4492996428571425,3.1336101177257714,8.326211785714285,5.268367142609313,-15.17925357142857,4.585100297866334,0.6218821428571429,0.150858423985413,0.06139428571428572,0.04170971132339947,-0.5198214285714285,0.2089277211090051,0.3683032142857143,0.1379005554544392,0.14138250000000002,0.046025690892319976,-0.03019642857142857,0.13861041604534538,0.19530964285714286,0.08039908214325599,0.5751132142857143,0.0839235617783584,1.2239317857142855,0.17348594931586675,1.185495,0.23933371811536097,0.77789,0.10668724336186514,0.6739139285714285,0.2565581782587646
54,0.14364107142857183,2.489870584336261,-5.301257500000001,2.7639403688037283,10.275850357142856,6.917733491811645,3.2141732142857142,3.261266165213707,-9.220086071428572,5.217936855567084,-9.116962500000001,7.741265976797472,-1.0293160714285716,3.5264070014710107,-5.409077142857144,8.35180289973178,12.089121071428574,6.06571052554191,7.2095335714285715,4.664802651432248,12.416107142857141,4.884619087874679,8.816307142857143,3.286390109831007,-9.074058214285715,3.226643298552041,7.415306071428572,5.28362992469927,-20.373953571428576,5.787886099334949,0.4400835714285714,0.16847975435811693,0.027782857142857144,0.03914716866244242,-0.5076096428571428,0.20739708247024677,0.2650557142857143,0.12268798472386933,0.1082692857142857,0.0405326819633596,0.04453178571428572,0.12909549827709751,0.19291464285714285,0.06446146745460497,0.49066107142857135,0.09448596056025735,1.0113571428571428,0.20945103076223479,0.8980539285714286,0.26608382937437774,0.6267132142857144,0.12516546366567283,0.5482792857142857,0.23725333845310345
56,-0.7073799999999999,2.535460515972167,-5.105750357142857,2.930681378419245,10.064001785714286,6.898003321918765,1.8463307142857146,3.350572983913955,-9.224077857142857,5.226444419298294,-8.819619642857145,7.837656834959193,-1.4961150000000003,3.64433095347101,-7.033808571428572,8.330927575585084,16.255859285714287,6.633894171972754,7.794517499999999,4.921213119116117,14.236303214285712,5.2573546732519265,5.242687857142859,4.031561732848466,-10.469791071428572,3.3167922413021635,6.563499285714286,5.376955189442133,-27.28577535714286,7.457266018805334,0.24765035714285716,0.1739921696896851,0.00810892857142857,0.027263280968151133,-0.4984917857142857,0.17808595476090863,0.14782428571428574,0.10358755677532569,0.06798678571428572,0.03421925040805264,0.09848750000000002,0.10352652041775427,0.15684,0.0534816852907466,0.35247464285714286,0.11318296281250323,0.7024825,0.2406088427922126,0.5523146428571428,0.2851722693894145,0.4285703571428572,0.149663708507084,0.3024782142857143,0.23449114156310027
58,-1.6210928571428571,2.6703061905142826,-4.582934999999999,3.03644256161713,9.781225714285712,6.936728739765445,0.384777142857143,3.4703104858104297,-9.114197142857142,5.469873811155805,-7.592958214285715,8.034431406951825,-1.6915478571428568,3.784189025270253,-9.708260357142859,8.300047800349025,21.798790357142856,7.359521389494873,7.316559642857143,5.381891568128277,16.379941071428572,5.235962857138994,0.1540478571428572,4.7437801927522845,-11.643857499999998,3.5374518828995836,5.756965714285713,5.597077678916938,-36.27117285714286,9.220075209044522,0.07983642857142857,0.14875026035437552,0.002171785714285714,0.01386990510853554,-0.4418792857142857,0.11728214896068016,0.04927714285714286,0.07476204805695422,0.032719285714285715,0.026357534600561186,0.11534357142857145,0.06459405832488871,0.09689071428571429,0.05168134743335812,0.19351928571428573,0.11252896056053822,0.37542607142857143,0.22243026443202862,0.22600428571428569,0.2574854240300062,0.22841035714285715,0.13875579388407927,0.04889035714285713,0.2326176025522796
60,-2.526405,2.8511696290962365,-4.05514142857143,3.063290282663919,9.449729285714286,6.988246130382033,-1.130635357142857,3.6600768187716333,-8.850237142857143,5.908215154738656,-5.498696785714286,8.284300937822465,-1.6035957142857138,3.951603514908588,-12.710365357142857,7.738654476117941,28.60200607142857,7.986833869694349,5.4427425000000005,5.963380265158972,18.128465714285714,4.381892947736461,-5.485563571428572,4.665032210549375,-12.229156428571429,4.148976363194637,5.021216071428571,5.792547941621657,-46.44086285714287,9.926298963037285,-0.025882500000000006,0.10237099739052448,0.004725714285714286,0.01017897528792009,-0.33928178571428574,0.0794482891234472,-0.0039492857142857125,0.04330966195528797,0.009823571428571428,0.016576871100859338,0.08522071428571429,0.05328650871458001,0.040022142857142846,0.04347520383967278,0.06936071428571429,0.07045446633375083,0.12724035714285714,0.1412407210221706,0.010190357142857145,0.18096104574937888,0.08391,0.0790696261336999,-0.12682071428571431,0.15249547977988298
62,-3.3046482142857143,3.041251141497529,-3.677298571428571,2.9740828161031616,9.191696071428572,6.970221157193867,-2.5509182142857143,3.854687711329597,-8.355009285714285,6.349345519914105,-2.567676785714286,8.51645483910313,-1.429077142857143,4.257541443727876,-14.8778375,7.287109953381261,36.15657642857143,8.31243073579296,2.884733571428572,6.0783479795704185,18.48451857142857,3.582982857690711,-9.930906785714287,3.8342867831883813,-11.91192357142857,4.937709410813118,4.396530714285714,5.737874561342331,-55.8264525,8.625847626677432,-0.07351142857142857,0.05812328867385031,0.008662857142857144,0.01586353107387722,-0.25586392857142853,0.06999194149160126,-0.026245357142857143,0.020688389856695886,-0.003639642857142856,0.010977763970213345,0.05241785714285715,0.035502475521178356,0.004240357142857142,0.022473444454107788,0.004577857142857145,0.025481923133731616,0.0012671428571428567,0.055023945651461105,-0.09551642857142857,0.0906643772261311,0.00960107142857143,0.02816227940803166,-0.2021789285714286,0.07841271799264775
64,-3.9048442857142853,3.2207339441409557,-3.476108214285715,2.7654733209515223,9.056009999999999,6.9299546516251285,-3.720161071428572,4.010517242346955,-7.756968928571427,6.607431022485557,1.032467857142857,8.616243008063254,-1.3283535714285706,4.5594918885034295,-15.290989999999999,6.805853953709206,43.844226785714284,8.20186095574882,1.0702114285714284,5.6728984547503885,16.801496785714285,3.8270472430384874,-12.060578928571427,3.6949924258057996,-11.430695714285715,5.762147350328646,5.0648124999999995,5.464352606786923,-62.32242571428571,6.593420877389202,-0.0694507142857143,0.026097464867827155,0.01545607142857143,0.015964526442490145,-0.2455907142857143,0.07771201946083578,-0.03435571428571428,0.0195781254364251,-0.002352857142857142,0.005112838559143846,0.05579,0.04197688677209069,-0.006331428571428571,0.00685416140541121,-0.011106428571428573,0.007288666499481188,-0.02894035714285714,0.016122327740922347,-0.11013785714285716,0.041873049287022394,0.0019967857142857153,0.014780208519287756,-0.21874107142857138,0.05979322958774654
66,-4.206630357142857,3.2019532483310775,-3.532974285714286,2.593277160431341,9.032251428571428,6.918144329050303,-4.3794900000000005,4.053206553287352,-7.114822500000001,6.607809014799707,5.099472857142858,8.593961625442358,-1.39938,4.6102392803519425,-15.144687142857146,6.153809263750542,50.936865,7.619572510393872,0.3335714285714281,5.921809267895448,13.66558535714286,3.6306518880744685,-11.283153214285715,4.212547128808088,-10.513936428571428,6.19944106864371,7.065355714285714,4.776186144838327,-64.57657,5.454695069550707,-0.05424357142857144,0.025427849997483185,0.019911071428571427,0.015373180965385971,-0.26494357142857144,0.08996622925017199,-0.039344642857142856,0.017157586734589017,-0.0020760714285714284,0.0076033161233391156,0.08637392857142856,0.027864560837860205,-0.004718928571428571,0.0028334025336302668,-0.013429285714285711,0.005644605613102879,-0.026992857142857145,0.008286913156919751,-0.09830714285714284,0.038161509591284705,0.004405714285714286,0.015980601203808474,-0.2055625,0.07990606246255182
68,-4.173293928571429,3.07532404581157,-3.6178496428571423,2.455737797378013,9.116071071428573,6.90905819257872,-4.479691428571428,3.9042527630271953,-6.489351785714286,6.5413259020446315,9.350706428571428,8.601194415773229,-1.4898403571428573,4.4132234415580145,-15.305256428571427,5.427172786700424,56.509190714285715,6.71632592779079,-0.02452928571428619,6.421986315918289,11.374576428571428,3.446960909207073,-8.605765714285715,4.260720057988509,-9.220900357142858,6.4579572072546725,9.384701785714284,4.432072502935326,-63.726557142857146,4.951720144820976,-0.04254642857142856,0.02560253626472997,0.01766035714285714,0.012167154787865078,-0.20426714285714284,0.10364639180172402,-0.039352142857142856,0.014104023527714699,-0.005592499999999999,0.005368847014884181,0.08546142857142856,0.030892976263506605,-0.0023371428571428575,0.0018949027926008746,-0.013511428571428574,0.0044185145557212886,-0.018632142857142858,0.00655190392595504,-0.08423571428571429,0.03364224661259794,-0.0014435714285714295,0.012126908165247712,-0.1374378571428571,0.08509794745139015
70,-3.7917789285714285,2.9114118331259955,-3.6665710714285713,2.360968868842407,9.257423928571427,6.942146376185209,-4.024989285714286,3.7563661587808594,-5.784281785714284,6.427291888965069,13.544033928571425,8.523490298044479,-1.374652142857143,4.202500949696372,-16.136243928571425,5.190465037278666,60.00995571428572,5.607696176866375,-0.47003892857142837,6.4101005180040715,10.158672142857142,3.550383554284454,-5.791258928571428,4.042079196453792,-7.509345714285715,6.536495736359181,11.251016785714285,4.491866293158971,-60.699405,4.8958659439579915,-0.04874321428571428,0.03268516780808777,0.01606892857142857,0.0114630453361714,-0.12810535714285712,0.0784401118802473,-0.03670714285714285,0.014766976763957225,-0.008548571428571428,0.0032660576261882486,0.05888321428571429,0.02341805587141476,-0.001466785714285714,0.0009385127496836052,-0.011972857142857144,0.003297835370643618,-0.013003214285714286,0.0028736438989968405,-0.08691714285714285,0.04377274787574349,-0.004452500000000001,0.008244820693576713,-0.08222535714285714,0.0636990227090919
72,-3.196962142857143,2.66568769639116,-3.523728214285714,2.3479091648959365,9.383201785714288,6.994437133637704,-3.2350085714285717,3.6269728306814826,-5.002107857142858,6.292152425558399,17.429856785714282,8.324581802010007,-0.9848778571428568,4.130462380998652,-17.0525225,5.027290863106302,61.74584214285714,4.785862789307258,-0.5926110714285713,6.499031974543528,9.901877142857142,3.7022034831760946,-3.0529560714285715,3.7077623214740982,-6.086368928571429,6.820598548390349,12.206493928571428,5.044653848138938,-56.321334642857146,4.946371201082073,-0.05338357142857143,0.03614104556768212,0.014973928571428572,0.013860410164117886,-0.07857821428571428,0.048979840185966884,-0.03226821428571429,0.018137886782934487,-0.007741785714285714,0.004833919259988515,0.03469071428571429,0.01554273041268228,-0.0013824999999999998,0.0005590402145986114,-0.009455357142857144,0.003710477091595197,-0.011259285714285713,0.002381538656756671,-0.08703428571428572,0.052110064540102294,-0.002223214285714286,0.010535813941603559,-0.05514678571428571,0.04041294297656967
74,-2.5492082142857138,2.399171188885707,-3.1862814285714287,2.434893084581735,9.406971785714287,6.965752632669685,-2.3217342857142853,3.430411037354459,-4.2511053571428565,6.283281784914039,20.91977392857143,8.113399248342256,-0.27803999999999995,4.375393424495588,-17.686411785714284,4.9133448554424035,61.87203607142857,4.220057904844787,-0.35703357142857106,6.572472582135932,9.898582142857142,3.677668087575078,-0.48307142857142854,3.37056397387419,-5.07851,6.918076281897859,12.487556428571429,5.499584266653334,-50.72840571428571,4.931637079863054,-0.044222142857142856,0.0368588415295584,0.010880714285714287,0.01651661574307508,-0.043360357142857145,0.03612622755243522,-0.024332142857142854,0.019463375143536178,-0.005421785714285715,0.004727417414623751,0.0180775,0.01244839281408834,-0.0014496428571428572,0.0006096608902487521,-0.0068000000000000005,0.0037546540350712632,-0.010494285714285715,0.0021681158579804666,-0.07000392857142856,0.05464403490488978,-0.0013410714285714298,0.012842267080377058,-0.035777142857142855,0.03049460297232217
76,-1.9232157142857143,2.125703938504261,-2.6349910714285705,2.4669662430481587,9.405055357142858,6.92523262334155,-1.4960603571428572,3.3132391551334592,-3.595636785714286,6.375599503465599,23.88279357142857,7.873056825292835,0.5957682142857142,4.842511027113693,-17.997331428571428,5.005440094845434,60.49743535714287,4.0350402579254085,0.05236785714285741,6.384003085824007,9.657906071428572,3.5549426985407764,1.8883707142857145,3.050826408485877,-4.222197142857142,6.709415867997265,12.660265714285714,5.674146610816282,-44.135594285714284,4.906182865830491,-0.022179285714285714,0.03622463196485246,0.006587857142857141,0.015590492013044079,-0.019096071428571428,0.03149629747340101,-0.015509642857142856,0.018748331460557897,-0.002489642857142857,0.0032917697276025307,0.005235357142857144,0.014111987738782954,-0.0014946428571428574,0.0007035390325558848,-0.0047675,0.002895347561174651,-0.01032,0.0017862638275289743,-0.03918357142857143,0.05308673600919433,-0.0006692857142857143,0.012587300965830425,-0.024180714285714288,0.02881985712725108
78,-1.3513857142857142,1.9204442706149827,-1.932170357142857,2.434138248928754,9.410391428571428,6.867998010782839,-0.7990060714285715,3.1910598128426155,-2.938228928571429,6.346536908458932,26.336261428571426,7.688491281235628,1.580335,5.169934289567532,-18.339107857142857,5.359018071324589,57.66603249999999,4.021413598562917,0.5293153571428572,6.253275413532207,9.138773928571428,3.4597208231107417,3.898461071428571,2.745692935059436,-3.7579924999999994,6.259377325538105,12.990508214285715,5.929996105437367,-36.780596071428576,4.725664754226964,-0.0007532142857142859,0.03426769349868444,0.0021200000000000004,0.012970809090474596,0.0006267857142857126,0.02669250187189876,-0.008116785714285714,0.01619420570725872,-0.0006835714285714286,0.002140241205467837,-0.007303571428571428,0.01552304272668556,-0.0013749999999999997,0.0007377304072939884,-0.003943928571428571,0.001858196166852546,-0.010924285714285715,0.0016730440441382205,-0.010245,0.04827686127551567,-0.0025074999999999993,0.011669916410945775,-0.017601071428571428,0.025611138140283016
80,-0.8530049999999999,1.7309901485443795,-1.2294932142857142,2.362059982158343,9.474829642857143,6.780879193606563,-0.2514253571428572,3.0225571870739776,-2.1840860714285713,6.217684449794479,28.429432499999997,7.52212051079981,2.6350828571428573,5.203219606889386,-18.857135,5.986862332532473,53.53926214285714,4.214076991294825,0.9574624999999999,6.103108890052155,8.326604285714286,3.4248187510733024,5.445212500000001,2.4549305156567844,-3.3627453571428565,5.848101779331236,13.354614285714286,6.159833417247099,-29.016361428571436,4.5455727035200155,0.01228392857142857,0.033492833399823785,0.0006860714285714288,0.010903111443452811,0.010556428571428567,0.028000022625579556,-0.0035839285714285717,0.013329649885553206,-0.00021642857142857135,0.0016453482546624828,-0.019385357142857138,0.017420420981432386,-0.0012728571428571429,0.0008074359090681731,-0.004093571428571428,0.0014524375116591853,-0.012575357142857143,0.0020286083371893857,0.007427142857142854,0.04452001385350732,-0.0036239285714285718,0.011052551424648767,-0.021404285714285712,0.026862066895756327
82,-0.39856357142857146,1.5241118110665035,-0.5034285714285712,2.2945530398586835,9.58613642857143,6.716033308570798,0.21126285714285736,2.8820574062322444,-1.444880357142857,6.164632531526564,30.08633928571428,7.490867534378588,3.5618992857142855,5.103047805974483,-19.628660357142856,6.815915982365627,48.193784285714294,4.394081148959993,1.249628928571428,6.0199025052775434,7.701336785714285,3.3933977565932847,6.419426785714285,2.1971671471041687,-3.08587,5.552941056396289,13.659513928571428,6.391275248191617,-20.990655,4.36785450935142,0.021887499999999997,0.03722430093108119,0.002143214285714285,0.008806412350611966,0.016418571428571425,0.027647642369132103,-0.0020310714285714285,0.012365773044759696,-0.0003996428571428571,0.0018077402641522823,-0.02947035714285714,0.016307990545492354,-0.001327142857142857,0.0008082666979067337,-0.0047125000000000005,0.0019001090555746853,-0.014768214285714286,0.002428176434426316,0.018529285714285713,0.04704543126911159,-0.002968928571428571,0.009613118876460804,-0.027820000000000004,0.02524134070863176
84,0.0027475000000000377,1.3402289861477317,0.13610892857142845,2.2304950261193133,9.751265357142858,6.68396623204006,0.6168025,2.7789200473438975,-0.9212714285714282,6.176021950958471,31.281428214285715,7.6389705301700275,4.1035474999999995,4.942874833875194,-20.528623214285712,7.335526560607055,41.62903821428572,4.6095439066269375,1.4755457142857142,5.8825236945097545,7.324577857142857,3.3924682630983694,6.798009642857144,2.09474608762243,-2.964679285714286,5.208956786205947,13.7660675,6.597967625958113,-12.962168571428567,4.185953613654943,0.023405000000000002,0.03596411117082824,0.004699642857142858,0.008440980043419519,0.02296535714285714,0.02509252650493965,-0.0027078571428571434,0.012365794589276334,-9.642857142857157e-05,0.002723798555588972,-0.04021642857142858,0.014495257238751657,-0.0014307142857142856,0.0008899802442553627,-0.005327857142857144,0.0025692311887214243,-0.017306428571428573,0.003167304986754652,0.01926642857142857,0.045824206335339145,-0.000724642857142857,0.009515612770657437,-0.034557500000000005,0.023228793202700958
86,0.3121732142857142,1.1883455547955466,0.7755492857142858,2.1871502555545943,9.965424642857142,6.679815554711321,0.8782396428571426,2.7280259277095653,-0.7237942857142855,6.2282123672863525,31.967695,7.801214123264354,4.148723928571428,4.737553151242405,-21.230140357142858,7.823744444126596,34.16634714285714,4.8113225899505165,1.6733103571428567,5.741535618120973,7.19874107142857,3.3573697948681485,6.580062857142856,2.134856981717361,-3.0224860714285717,4.6362250611313325,13.7256275,6.577954436981663,-5.131074285714286,3.9200340863136627,0.014270714285714286,0.02718651587836138,0.007270714285714286,0.006388681053581843,0.030687499999999996,0.03228757767494155,-0.006295357142857142,0.013043698075240088,0.0005314285714285713,0.0030421092306865925,-0.052924285714285715,0.016882167749198797,-0.0016214285714285712,0.0010858538444139577,-0.005660714285714285,0.003108849562844044,-0.019856785714285712,0.0035210114407559184,0.006353928571428574,0.036703996962108985,0.002141428571428572,0.008400717329392274,-0.04209357142857144,0.028410610249082553
88,0.5002039285714287,1.1038697392132313,1.4056625,2.253194116682556,10.179049285714287,6.684942273607228,0.9979492857142859,2.69109963486537,-0.8896457142857138,6.313004068776442,32.19407607142857,7.960981014144547,3.603862142857143,4.193508559510903,-21.733738928571427,8.042901367920463,25.946889642857144,4.920301247296155,1.9052639285714288,5.565635251052514,7.387462857142857,3.3572333574512685,5.806115714285715,2.2376721413290688,-3.2532325,3.9112287423395324,13.426673928571429,6.34886474091876,2.5113596428571427,3.656853375192869,-0.0003335714285714276,0.032791824287616116,0.009866071428571429,0.0055605185074261345,0.04958964285714285,0.04723366601939624,-0.010389642857142858,0.014637249828944815,0.0014599999999999997,0.002129742671346434,-0.07259892857142856,0.024911181315484962,-0.001746428571428571,0.0012294048412692475,-0.005656071428571429,0.003165443934458136,-0.021173214285714285,0.0038624960080352057,-0.012469642857142854,0.043472373564416474,0.00567,0.005525212839617757,-0.044182500000000006,0.03813318183329014
90,0.5711267857142855,1.074196188671409,2.0514371428571434,2.3591088660981177,10.384847142857144,6.731992156749542,0.9930428571428573,2.654434728221314,-1.443659642857143,6.237954351762055,32.001668928571426,8.003081872844163,2.786380357142857,3.4815490145559673,-21.769918214285717,7.9868293128161945,17.438505357142855,4.7968552108392455,2.2252103571428568,5.3323691960214745,7.847909999999999,3.543024856180314,4.664725357142857,2.597728707219698,-3.6037403571428572,3.3436700162606128,12.947864285714287,5.9109708590467145,9.722634285714284,3.5771122156517308,-0.023557857142857148,0.04190459327284585,0.010716071428571427,0.00979739686356523,0.10504785714285712,0.05952759016799513,-0.015902857142857142,0.020085287450719295,0.002241071428571428,0.0029937705699125848,-0.11021392857142856,0.0321832524040408,-0.0017357142857142853,0.001142693944391695,-0.004297142857142857,0.0025688284626128053,-0.019134642857142857,0.004269644402544061,-0.04119642857142857,0.05546714302625028,0.008659999999999998,0.01056814880812951,-0.02430071428571428,0.04721980744174169
92,0.5357432142857144,1.115477818368239,2.7239178571428573,2.5212553111455547,10.50275714285714,6.834019588236969,0.8832192857142857,2.6441286681575327,-2.380077142857143,6.097266833429648,31.590137142857145,8.151679682877235,1.864865714285714,3.0260524971060496,-21.1424125,7.865704611808774,9.497683214285713,4.335584725302835,2.6696592857142853,5.2185338135942345,8.45173857142857,3.792701149600186,3.347709285714285,3.098754411305922,-4.175760714285714,2.9395555757460095,12.378892857142857,5.767919435935389,16.0867225,3.5774297499213192,-0.043390714285714296,0.04096648582669755,0.009126428571428574,0.014475578429863202,0.20108892857142857,0.06842331280566734,-0.020347142857142852,0.026814137897922263,0.0031035714285714286,0.004182692557787034,-0.16798142857142853,0.04301836908311877,-0.001232857142857143,0.0009921959218081615,-0.00021250000000000007,0.002868849105879863,-0.0129775,0.005404616527348847,-0.0649707142857143,0.053661653543186784,0.0120175,0.017502586155062477,0.02012999999999999,0.04510332535071343
94,0.43675214285714287,1.176426812020709,3.362275714285715,2.6751400981996447,10.560316785714289,6.917572459409945,0.7701635714285713,2.6614703555079853,-3.4608707142857145,6.013660331241332,31.174624642857136,8.332871909890386,1.125562142857143,3.0771196009972064,-20.099623214285714,7.6471833152607465,2.951336071428571,3.729302373617091,3.321161428571429,5.133217170603122,8.805058214285713,4.224195588842288,2.3455514285714285,3.643895483291425,-4.826878928571429,2.7491635434438395,11.821663928571429,5.781629653053375,21.096980000000002,3.655283150369214,-0.04417142857142858,0.04239587958156436,0.004314285714285714,0.00933841813674582,0.3209642857142857,0.11647858299105632,-0.022996071428571428,0.030766045355889657,0.0050946428571428575,0.004687474498099128,-0.2392871428571429,0.06311659000228455,-0.0001560714285714286,0.000671651748623177,0.004599642857142857,0.0033004378871981134,-0.0022985714285714285,0.00497133221139404,-0.06732357142857141,0.0577023131261641,0.014008571428571428,0.010993339666951396,0.07937857142857142,0.06889184643696601
96,0.36514250000000004,1.245240793318783,3.9333475,2.81437257781631,10.535804999999998,6.972609319466531,0.6839560714285715,2.7435052400092808,-4.315498571428572,5.92802337070468,31.000862142857134,8.51105243757418,0.8081053571428568,3.1485924357501913,-19.120189285714282,7.570036182795564,-0.7406049999999995,3.5692892397980946,3.6480192857142852,5.126887258978904,8.599168928571428,4.33159269398024,1.9293064285714279,4.016997500788861,-5.326578928571428,2.871888630502969,11.573485714285711,6.045493486572919,24.187254285714282,3.748509536956427,-0.055287857142857146,0.041780334337611955,0.0008160714285714272,0.020415973872150984,0.4295539285714285,0.16521615880856222,-0.023641428571428574,0.033285305225520215,0.006554642857142856,0.004375955044895348,-0.2964435714285715,0.0664073103722709,0.0008696428571428571,0.0005695155305700096,0.008101071428571426,0.0034798497859774096,0.006415714285714284,0.004044550872252907,-0.07805964285714286,0.06702947576265596,0.01547178571428571,0.02094010447471759,0.13952607142857143,0.11391663718531149
98,0.3521103571428572,1.28925447738884,4.411820714285715,2.9338039187938616,10.466626071428573,7.061071211448777,0.7218721428571432,2.852923417871782,-4.5872253571428585,5.778222005197109,31.122500000000006,8.722363010984818,0.819845,3.1203087643526812,-18.81783285714286,7.4748974469511875,-1.1542528571428572,3.4913291161316917,3.8105892857142862,5.016106362635136,8.22102892857143,4.334850559333124,2.044887142857143,4.073008763261227,-5.749393571428572,2.9679205408970386,11.413338571428577,6.088884583864978,24.992559642857152,3.7922881398095574,-0.06791607142857144,0.04929366206641157,0.001212857142857143,0.024305497851806617,0.4534864285714287,0.16466125461346132,-0.02157535714285715,0.03167659512493083,0.004235000000000001,0.005691706179237402,-0.28809250000000003,0.0717577180182892,0.001266071428571429,0.0006736216084929073,0.007202142857142858,0.003036498308582104,0.008197142857142858,0.004270007527594571,-0.08822535714285716,0.07499144713961324,0.012650000000000003,0.028977783731679693,0.17359107142857147,0.10843716587496426
100,0.5122921428571429,1.2822646673467315,4.761039642857143,2.9904161422203073,10.373481071428573,7.045992468613789,0.9841764285714285,2.883886274831791,-4.332767857142857,5.757663817069824,31.23236321428572,8.810897503584062,0.919500357142857,3.1535487944563614,-18.920615714285713,7.7093360044648405,0.8272425,3.7885821914961957,3.5945435714285714,5.029146047895525,8.0580725,4.294366550356207,2.277239642857143,3.9368486631991018,-5.8907292857142854,3.1253906464139423,11.031486785714284,5.768348616347466,23.350213928571428,3.839124633143391,-0.0323925,0.06132892687888306,0.0036292857142857142,0.014181354342551739,0.3277792857142857,0.17727842228298077,-0.008733928571428571,0.031505880109212056,0.0033375,0.005500788667231133,-0.18566071428571426,0.08484446158111329,-1.4285714285714439e-06,0.0008824668844765803,0.003512142857142857,0.0041212963393189184,0.0013385714285714286,0.0060150057320042475,-0.04112785714285715,0.08895504706817427,0.010478928571428571,0.020516069797053782,0.1434571428571429,0.11096623767050612
